scheme_id,name,department,eligibility,benefit,documentation_required,link
S001,Ayushman Bharat PM-JAY,Health and Family Welfare,Low-income families identified under SECC database & Ayushman Card holders,Cashless secondary and tertiary health cover up to Rs 5 lakh per family per year across empanelled government and private hospitals,Aadhaar Card; Ration Card / PM-JAY Letter; Family ID,https://beneficiary.nha.gov.in/
S002,Chief Minister Jan Arogya Yojana (UP),Government of Uttar Pradesh,UP resident families not covered under PM-JAY (e.g. Antyodaya card holders and registered workers),Cashless medical treatment up to Rs 5 lakh per family per year at empanelled government & private hospitals in UP,UP Domicile Certificate; Aadhaar Card; Antyodaya / Labour Card,https://ayushmanup.in/
S003,Janani Suraksha Yojana (JSY),National Health Mission UP,Pregnant women aged 19+ delivering at public health facilities or accredited private hospitals,Direct cash assistance of Rs 1400 (Rural) / Rs 1000 (Urban) + free transport & nutritional support,Aadhaar Card; Bank Passbook; Maternal & Child Protection (MCP) Card,https://upnrhm.gov.in/
S004,National TB Elimination Programme (NTEP),Health and Family Welfare UP,All individuals diagnosed with Tuberculosis in UP,Free diagnostic testing anti-TB medications and Rs 500/month nutritional incentive (Nikshay Poshan Yojana),Aadhaar Card; Bank Account Details; Nikshay Portal Registration,https://tbcindia.gov.in/
S005,UP Mukhyamantri Bal Seva Yojana,Women and Child Development UP,Children who lost parents or earning breadwinner due to illness/pandemics,Rs 4000 monthly financial aid free education and comprehensive healthcare coverage until age 18,Death Certificate of Parent; Income Certificate; Aadhaar Card,https://womenchild.up.gov.in/
S006,Pradhan Mantri Matru Vandana Yojana (PMMVY),Women and Child Development,Pregnant women and lactating mothers for first living child,Financial incentive of Rs 5000 in installments for maternal nutrition and healthcare compliance,Aadhaar Card; Mother-Child Protection Card; Bank Passbook,https://pmmvy.wcd.gov.in/
S007,UP Mukhyamantri Free Dialysis Scheme,Department of Medical Health UP,UP residents with End-Stage Renal Disease (ESRD) requiring chronic hemodialysis,100% free hemodialysis sessions at designated government district hospitals & KGMU/Lohia Institute,Aadhaar Card; UP Domicile Certificate; Nephrologist Prescription,https://up.gov.in/
S008,UP Emergency Ambulance Service (108 / 102),National Health Mission UP,All UP citizens needing emergency medical transport or maternity transfer,24/7 free emergency medical transport to nearest trauma center or district hospital,Call 108 (Trauma) or 102 (Maternal/Infant),https://upnrhm.gov.in/
S009,UP State Employees Cashless Medical Scheme,Medical Education & Health UP,UP government employees and pensioners,100% cashless treatment at empanelled government and private medical institutions,State Health Card; Aadhaar Card; Employee ID,https://uphealth.up.nic.in/
